{
  "Reciept": [
    {
      "id": 1,
      "category": "Meer",
      "name": "Gedünsteter Lachs mit Gemüsebrei",
      "image_url": "/images/1.jpg",
      "ingredients": [
        "Lachsfilet",
        "Kartoffel",
        "Karotte",
        "Brokkoli",
        "Olivenöl"
      ],
      "instructions": "Lachsfilet dünsten und mit püriertem Gemüse (Kartoffel, Karotte, Brokkoli) vermengen. Mit etwas Olivenöl verfeinern."
    },
    {
      "id": 2,
      "category": "Meer",
      "name": "Thunfisch-Püree mit Avocado",
      "image_url": "/images/2.jpg",
      "ingredients": [
        "Thunfisch in Wasser",
        "Avocado",
        "Reis",
        "Erbsen",
        "Kokosöl"
      ],
      "instructions": "Thunfisch in Wasser kochen, mit Avocado pürieren. Gekochten Reis und Erbsen hinzufügen. Mit etwas Kokosöl mischen."
    },
    {
      "id": 3,
      "category": "Meer",
      "name": "Forellenbrei mit Süßkartoffel",
      "image_url": "/images/3.jpg",
      "ingredients": [
        "Forellenfilet",
        "Süßkartoffel",
        "Spinat",
        "Rapsöl",
        "Babymilch"
      ],
      "instructions": "Gedämpftes Forellenfilet und gekochte Süßkartoffel pürieren. Spinat, Rapsöl und Babymilch hinzufügen."
    },
    {
      "id": 4,
      "category": "Meer",
      "image_url": "/images/Garnelen-Kartoffelstampf.jpg",
      "name": "Garnelen-Kartoffelstampf",
      "ingredients": ["Garnelen", "Kartoffeln", "Erbsen", "Möhren", "Ghee"],
      "instructions": "Gekochte Garnelen mit gestampften Kartoffeln, Erbsen, Möhren vermengen. Mit etwas Ghee verfeinern."
    },
    {
      "id": 5,
      "category": "Meer",
      "name": "Lachs-Brokkoli-Püree",
      "image_url": "/images/Lachs-Brokkoli-Püree.jpg",
      "ingredients": ["Lachsfilet", "Brokkoli", "Kartoffel", "Möhre", "Rapsöl"],
      "instructions": "Gedämpftes Lachsfilet und Gemüse (Brokkoli, Kartoffel, Möhre) pürieren. Mit etwas Rapsöl vermengen."
    },
    {
      "id": 6,
      "category": "Meer",
      "name": "Thunfisch-Kartoffel-Bällchen",
      "image_url": "/images/k.jpg",
      "ingredients": [
        "Thunfisch in Wasser",
        "Kartoffeln",
        "Dill",
        "Ei",
        "Paniermehl"
      ],
      "instructions": "Thunfisch in Wasser kochen, mit gestampften Kartoffeln, Dill, Ei formen. In Paniermehl rollen und backen."
    },
    {
      "id": 7,
      "category": "Meer",
      "image_url": "/images/Forellen-Gemüsebrei.jpg",
      "name": "Forellen-Gemüsebrei",
      "ingredients": [
        "Forellenfilet",
        "Zucchini",
        "Süßkartoffel",
        "Karotte",
        "Babymilch"
      ],
      "instructions": "Gedünstetes Forellenfilet mit gedämpftem Gemüse (Zucchini, Süßkartoffel, Karotte) pürieren. Babymilch hinzufügen."
    },
    {
      "id": 8,
      "category": "Meer",
      "name": "Garnelen-Milchreis",
      "image_url": "/images/Garnelen-Milchreis.jpg",
      "ingredients": ["Garnelen", "Milchreis", "Erbsen", "Mais", "Kokosmilch"],
      "instructions": "Gekochte Garnelen mit gekochtem Milchreis, Erbsen, Mais vermengen. Kokosmilch hinzufügen."
    },
    {
      "id": 9,
      "category": "Meer",
      "name": "Lachs-Gemüsestampf",
      "image_url": "/images/Lachs-Gemüsestampf.jpg",
      "ingredients": [
        "Lachsfilet",
        "Kartoffeln",
        "Blumenkohl",
        "Grüne Bohnen",
        "Olivenöl"
      ],
      "instructions": "Gedämpftes Lachsfilet mit gestampften Kartoffeln, Blumenkohl, grünen Bohnen vermengen. Olivenöl hinzufügen."
    },
    {
      "id": 10,
      "category": "Meer",
      "image_url": "/images/thon.jpg",
      "name": "Lachs-Gemüsestampf",
      "ingredients": [
        "Thunfisch in Wasser",
        "Spinat",
        "Vollkornreis",
        "Zwiebel",
        "Gemüsebrühe"
      ],
      "instructions": "Thunfisch in Wasser kochen, mit gedünstetem Spinat, Vollkornreis, Zwiebel und Gemüsebrühe kochen."
    },
    {
      "id": 11,
      "category": "Meer",
      "name": "Forellen-Avocado-Creme",
      "image_url": "/images/Forellen-Avocado-Creme.jpg",
      "ingredients": [
        "Forellenfilet",
        "Avocado",
        "Quinoa",
        "Birne",
        "Babymilch"
      ],
      "instructions": "Gedünstetes Forellenfilet mit pürierter Avocado, gekochtem Quinoa, Birne und Babymilch vermengen."
    },
    {
      "id": 12,
      "category": "Meer",
      "name": "Garnelen-Kartoffelbrei",
      "image_url": "/images/Garnelen-Kartoffelbrei.jpg",
      "ingredients": ["Garnelen", "Kartoffeln", "Karotte", "Erbsen", "Rapsöl"],
      "instructions": "Gekochte Garnelen mit gestampften Kartoffeln, Karotte, Erbsen vermengen. Mit etwas Rapsöl verfeinern."
    },
    {
      "id": 13,
      "category": "Meer",
      "name": "Lachs-Spinat-Püree",
      "image_url": "/images/Lachs-Spinat-Püree.jpg",
      "ingredients": [
        "Lachsfilet",
        "Spinat",
        "Süßkartoffel",
        "Zwiebel",
        "Kokosmilch"
      ],
      "instructions": "Gedämpftes Lachsfilet mit gedünstetem Spinat, Süßkartoffel, Zwiebel pürieren. Kokosmilch hinzufügen."
    },
    {
      "id": 14,
      "category": "Meer",
      "name": "Thunfisch-Mais-Brei",
      "image_url": "/images/Thunfisch-Mais-Brei.jpg",
      "ingredients": [
        "Thunfisch in Wasser",
        "Mais",
        "Reis",
        "Kürbis",
        "Babymilch"
      ],
      "instructions": "Thunfisch in Wasser kochen, mit Mais, gekochtem Reis, Kürbis und Babymilch pürieren."
    },
    
      {
        "id": 15,
        "category": "fruit",
        "name": "Apfel-Birnen-Püree",
        "image_url": "/images/Apfel-Birnen-Püree.jpg",
        "ingredients": ["Äpfel", "Birnen", "Zimt", "Babymilch"],
        "instructions": "Gedünstete Äpfel mit pürierten Birnen und einer Prise Zimt vermengen. Babymilch hinzufügen."
      },
      {
        "id": 16,
        "category": "fruit",
        "name": "Banane-Avocado-Brei",
        "image_url": "/images/Banane-Avocado-Brei.jpg",
        "ingredients": ["Banane", "Avocado", "Haferflocken", "Rapsöl"],
        "instructions": "Pürierte Banane mit pürierter Avocado und gekochten Haferflocken vermengen. Mit etwas Rapsöl verfeinern."
      },
      {
        "id": 17,
        "category": "fruit",
        "name": "Blaubeer-Joghurt-Mix",
        "image_url": "/images/Blaubeer-Joghurt-Mix.jpg",
        "ingredients": [
          "Blaubeeren",
          "Naturjoghurt",
          "Himbeeren",
          "Vanilleextrakt"
        ],
        "instructions": "Frische Blaubeeren mit Naturjoghurt, Himbeeren und einer Prise Vanilleextrakt vermengen."
      },
      {
        "id": 18,
        "category": "fruit",
        "name": "Mango-Kiwi-Brei",
        "image_url": "/images/Mango-Kiwi-Brei.jpg",
        "ingredients": ["Mango", "Kiwi", "Quinoa", "Kokosmilch"],
        "instructions": "Pürierte Mango mit pürierter Kiwi, gekochtem Quinoa vermengen. Kokosmilch hinzufügen."
      },
      {
        "id": 19,
        "category": "fruit",
        "name": "Pfirsich-Aprikosen-Creme",
        "image_url": "/images/Pfirsich-Aprikosen-Creme.jpg",
        "ingredients": ["Pfirsiche", "Aprikosen", "Reis", "Mandelmilch"],
        "instructions": "Pürierte Pfirsiche mit pürierten Aprikosen und gekochtem Reis vermengen. Mandelmilch hinzufügen."
      },
      {
        "id": 20,
        "category": "fruit",
        "name": "Erdbeer-Bananen-Mix",
        "image_url": "/images/Erdbeer-Bananen-Mix.jpg",
        "ingredients": ["Erdbeeren", "Banane", "Haferflocken", "Babymilch"],
        "instructions": "Frische Erdbeeren mit pürierter Banane, gekochten Haferflocken vermengen. Babymilch hinzufügen."
      },
      {
        "id": 21,
        "category": "fruit",
        "name": "Kirschen-Haferbrei",
        "image_url": "/images/Kirschen-Haferbrei.jpg",
        "ingredients": [
          "Kirschen",
          "Haferflocken",
          "Mandelmilch",
          "Vanillearoma"
        ],
        "instructions": "Entkernte Kirschen mit gekochten Haferflocken, Mandelmilch und etwas Vanillearoma vermengen."
      },
      {
        "id": 22,
        "category": "fruit",
        "name": "Wassermelonen-Birnen-Smoothie",
        "image_url": "/images/Wassermelonen-Birnen-Smoothie.jpg",
        "ingredients": ["Wassermelone", "Birnen", "Joghurt", "Minze"],
        "instructions": "Fruchtfleisch der Wassermelone mit pürierter Birne, Joghurt und etwas Minze mixen."
      },
      {
        "id": 23,
        "category": "fruit",
        "name": "Ananas-Mango-Brei",
        "image_url": "/images/Ananas-Mango-Brei.jpg",
        "ingredients": ["Ananas", "Mango", "Quinoa", "Kokosmilch"],
        "instructions": "Pürierte Ananas mit pürierter Mango, gekochtem Quinoa vermengen. Kokosmilch hinzufügen."
      },
      {
        "id": 24,
        "category": "fruit",
        "name": "Himbeer-Apfel-Creme",
        "image_url": "/images/Himbeer-Apfel-Creme.jpg",
        "ingredients": ["Himbeeren", "Äpfel", "Reis", "Mandelmilch"],
        "instructions": "Pürierte Himbeeren mit pürierten Äpfeln und gekochtem Reis vermengen. Mandelmilch hinzufügen."
      },
      {
        "id": 25,
        "category": "fruit",
        "name": "Birne-Zimt-Müsli",
        "image_url": "/images/Birne-Zimt-Müsli.jpg",
        "ingredients": ["Birnen", "Haferflocken", "Zimt", "Babymilch"],
        "instructions": "Geraspelte Birnen mit Haferflocken, einer Prise Zimt vermengen. Babymilch hinzufügen."
      },
      {
        "id": 26,
        "category": "fruit",
        "name": "Mandarinen-Banane-Brei",
        "image_url": "/images/Mandarinen-Banane-Brei.jpg",
        "ingredients": ["Mandarinen", "Banane", "Quinoa", "Mandelmilch"],
        "instructions": "Pürierte Mandarinen mit pürierter Banane, gekochtem Quinoa vermengen. Mandelmilch hinzufügen."
      },
      {
        "id": 27,
        "category": "fruit",
        "name": "Granatapfel-Apfel-Smoothie",
        "image_url": "/images/Granatapfel-Apfel-Smoothie.jpg",
        "ingredients": ["Granatapfelkerne", "Äpfel", "Joghurt", "Honig"],
        "instructions": "Granatapfelkerne mit pürierten Äpfeln, Joghurt und etwas Honig mixen."
      },
      {
        "id": 28,
        "category": "fruit",
        "name": "Melonen-Papaya-Brei",
        "image_url": "/images/Melonen-Papaya-Brei.jpg",
        "ingredients": ["Melone", "Papaya", "Reis", "Kokosmilch"],
        "instructions": "Pürierte Melone mit pürierter Papaya, gekochtem Reis vermengen. Kokosmilch hinzufügen."
      },
      {
        "id": 29,
        "category": "Meat",
        "name": "Hühnchen-Karotten-Püree",
        "image_url": "/images/Hühnchen-Karotten-Püre.jpg",
        "ingredients": [
          "Hühnchenbrust",
          "Karotte",
          "Kartoffel",
          "Erbsen",
          "Olivenöl"
        ],
        "instructions": "Gekochte Hühnchenbrust mit gedünstetem Gemüse (Karotte, Kartoffel, Erbsen) pürieren. Olivenöl hinzufügen."
      },
      {
        "id": 30,
        "category": "Meat",
        "name": "Rindfleisch-Avocado-Brei",
        "image_url": "/images/Rindfleisch-Avocado-Brei.jpg",
        "ingredients": [
          "Rindfleisch",
          "Avocado",
          "Quinoa",
          "Brokkoli",
          "Babymilch"
        ],
        "instructions": "Gekochtes Rindfleisch mit pürierter Avocado, gekochtem Quinoa, gedünstetem Brokkoli vermengen. Babymilch hinzufügen."
      },
      {
        "id": 31,
        "category": "Meat",
        "name": "Lammfleisch-Kürbisbrei",
        "image_url": "/images/lam.jpg",
        "ingredients": [
          "Lammfleisch",
          "Kürbis",
          "Süßkartoffel",
          "Spinat",
          "Rapsöl"
        ],
        "instructions": "Gekochtes Lammfleisch mit gekochtem Kürbis, Süßkartoffel, gedünstetem Spinat vermengen. Mit etwas Rapsöl verfeinern."
      },
      {
        "id": 32,
        "category": "Meat",
        "name": "Putengemüsestampf",
        "image_url": "/images/Putengemüsestampf.jpg",
        "ingredients": [
          "Putenfleisch",
          "Kartoffeln",
          "Zucchini",
          "Tomate",
          "Ghee"
        ],
        "instructions": "Gekochtes Putenfleisch mit gestampften Kartoffeln, gedünsteter Zucchini, Tomate vermengen. Mit etwas Ghee verfeinern."
      },
      {
        "id": 33,
        "category": "Vegetable",
        "name": "Karotten-Kartoffel-Brei",
        "image_url": "/images/Karotten-Kartoffel-Brei.jpg",
        "ingredients": ["Karotten", "Kartoffeln", "Zucchini", "Olivenöl"],
        "instructions": "Gedünstete Karotten mit gestampften Kartoffeln und Zucchini vermengen. Mit etwas Olivenöl verfeinern."
      },
      {
        "id": 34,
        "category": "Vegetable",
        "name": "Brokkoli-Blumenkohl-Püree",
        "image_url": "/images/Brokkoli-Blumenkohl-Püree.jpg",
        "ingredients": ["Brokkoli", "Blumenkohl", "Süßkartoffel", "Rapsöl"],
        "instructions": "Gedämpfter Brokkoli mit püriertem Blumenkohl und Süßkartoffel. Mit etwas Rapsöl hinzufügen."
      },
      {
        "id": 35,
        "category": "Vegetable",
        "name": "Spinat-Avocado-Brei",
        "image_url": "/images/Spinat-Avocado-Brei.jpg",
        "ingredients": ["Spinat", "Avocado", "Quinoa", "Babymilch"],
        "instructions": "Gedämpfter Spinat mit pürierter Avocado, gekochtem Quinoa vermengen. Babymilch hinzufügen."
      },
      {
        "id": 36,
        "category": "Vegetable",
        "name": "Zucchinipüree mit Erbsen",
        "image_url": "/images/Zucchinipüree mit Erbsen.jpg",
        "ingredients": ["Zucchini", "Erbsen", "Reis", "Kokosöl"],
        "instructions": "Gedünstete Zucchini mit Erbsen und gekochtem Reis vermengen. Mit etwas Kokosöl verfeinern."
      },
      {
        "id": 37,
        "category": "Vegetable",
        "name": "Kürbis-Kartoffelstampf",
        "image_url": "/images/Kürbis-Kartoffelstampf.jpg",
        "ingredients": ["Kürbis", "Kartoffeln", "Möhren", "Ghee"],
        "instructions": "Gedämpfter Kürbis mit gestampften Kartoffeln und Möhren vermengen. Mit etwas Ghee verfeinern."
      },
      {
        "id": 38,
        "category": "Vegetable",
        "name": "Süßkartoffel-Blumenkohl-Brei",
        "image_url": "/images/Süßkartoffel-Blumenkohl-Brei.jpg",
        "ingredients": ["Süßkartoffel", "Blumenkohl", "Linsen", "Rapsöl"],
        "instructions": "Gedämpfte Süßkartoffel mit püriertem Blumenkohl und gekochten Linsen vermengen. Mit etwas Rapsöl verfeinern."
      },
      {
        "id": 39,
        "category": "Vegetable",
        "name": "Tomaten-Basilikum-Quinoa",
        "image_url": "/images/Tomaten-Basilikum-Quinoa.jpg",
        "ingredients": ["Tomaten", "Basilikum", "Quinoa", "Olivenöl"],
        "instructions": "Frische Tomaten mit gehacktem Basilikum und gekochtem Quinoa vermengen. Mit etwas Olivenöl verfeinern."
      },
      {
        "id": 40,
        "category": "Vegetable",
        "name": "Paprika-Kartoffel-Ragout",
        "image_url": "/images/Paprika-Kartoffel-Ragout.jpg",
        "ingredients": ["Paprika", "Kartoffeln", "Grüne Bohnen", "Babymilch"],
        "instructions": "Gedünstete Paprika mit gestampften Kartoffeln und grünen Bohnen vermengen. Babymilch hinzufügen."
      },
      {
        "id": 41,
        "category": "Vegetable",
        "name": "Sellerie-Zwiebel-Kartoffelbrei",
        "image_url": "/images/Sellerie-Zwiebel-Kartoffelbrei.jpg",
        "ingredients": ["Sellerie", "Zwiebel", "Kartoffeln", "Rapsöl"],
        "instructions": "Gedünsteter Sellerie mit gedünsteter Zwiebel und gestampften Kartoffeln vermengen. Mit etwas Rapsöl verfeinern."
      },
      {
        "id": 42,
        "category": "Vegetable",
        "name": "Blumenkohl-Erbsen-Creme",
        "image_url": "/images/Blumenkohl-Erbsen-Creme.jpg",
        "ingredients": ["Blumenkohl", "Erbsen", "Reis", "Kokosmilch"],
        "instructions": "Gedämpfter Blumenkohl mit Erbsen und gekochtem Reis vermengen. Kokosmilch hinzufügen."
      }
    ]
}
