{
  "data": [
  {
    "id": 1,
    "name": "Gemüsebrei",
    "age_group": "0-1 Jahre",
    "image_url": "/images/f1.jpg",
    "description": "Ein Gemüsebrei für Babys von 0 bis 1 Jahr.",
    "ingredients": ["Kartoffeln", "Karotten", "Erbsen"],
    "nutritional_info": {
      "calories": 80,
      "protein": 2,
      "carbohydrates": 15,
      "fat": 1
    }
  },
  {
    "id": 2,
    "name": "Fruchtpüree",
    "age_group": "0-1 Jahre",
    "image_url": "/images/püree.jpg",
    "description": "Ein Fruchtpüree für Babys von 0 bis 1 Jahr.",
    "ingredients": ["Äpfel", "Bananen", "Birnen"],
    "nutritional_info": {
      "calories": 70,
      "protein": 1,
      "carbohydrates": 18,
      "fat": 0.5
    }
  },
  {
    "id": 3,
    "name": "Reisbrei mit Milch",
    "age_group": "0-1 Jahre",
    "image_url": "/images/reicemilch.jpg",
    "description": "Ein Reisbrei mit Milch für Babys von 0 bis 1 Jahr.",
    "ingredients": ["Reis", "Milch", "Vanille"],
    "nutritional_info": {
      "calories": 90,
      "protein": 3,
      "carbohydrates": 20,
      "fat": 2
    }
  },
  {
    "id": 4,
    "name": "Hirsebällchen",
    "age_group": "0-1 Jahre",
    "image_url": "/images/Hirsebällchen.jpg",
    "description": "Hirsebällchen für Babys von 0 bis 1 Jahr.",
    "ingredients": ["Hirse", "Bananen", "Kokosöl"],
    "nutritional_info": {
      "calories": 85,
      "protein": 2.5,
      "carbohydrates": 17,
      "fat": 1.5
    }
  },
  {
    "id": 5,
    "name": "Bio-Gemüsemix",
    "age_group": "0-1 Jahre",
    "image_url": "/images/Bio-Gemüsemix.jpg",
    "description": "Ein Bio-Gemüsemix für Babys von 0 bis 1 Jahr.",
    "ingredients": ["Bio-Karotten", "Bio-Zucchini", "Bio-Kartoffeln"],
    "nutritional_info": {
      "calories": 75,
      "protein": 2,
      "carbohydrates": 16,
      "fat": 1.2
    }
  },
  {
    "id": 6,
    "name": "Haferflockenbrei mit Beeren",
    "age_group": "0-1 Jahre",
    "image_url": "/images/Haferflockenbrei mit Beeren.jpg",
    "description": "Ein Haferflockenbrei mit Beeren für Babys von 0 bis 1 Jahr.",
    "ingredients": ["Haferflocken", "Blaubeeren", "Himbeeren"],
    "nutritional_info": {
      "calories": 85,
      "protein": 2.5,
      "carbohydrates": 18,
      "fat": 1.3
    }
  },
  {
    "id": 7,
    "name": "Geflügelbrei mit Kartoffeln",
    "age_group": "0-1 Jahre",
    "image_url": "/images/Geflügelbrei mit Kartoffeln.jpg",
    "description": "Ein Geflügelbrei mit Kartoffeln für Babys von 0 bis 1 Jahr.",
    "ingredients": ["Hühnerfleisch", "Kartoffeln", "Karotten"],
    "nutritional_info": {
      "calories": 95,
      "protein": 3.5,
      "carbohydrates": 16,
      "fat": 2.2
    }
  },
  {
    "id": 8,
    "name": "Quinoa mit Gemüse",
    "age_group": "0-1 Jahre",
    "image_url": "/images/Quinoa mit Gemüse.jpg",
    "description": "Quinoa mit Gemüse für Babys von 0 bis 1 Jahr.",
    "ingredients": ["Quinoa", "Brokkoli", "Tomaten"],
    "nutritional_info": {
      "calories": 90,
      "protein": 3,
      "carbohydrates": 17,
      "fat": 1.8
    }
  },
  {
    "id": 9,
    "name": "Buchweizenpfannkuchen",
    "age_group": "0-1 Jahre",
    "image_url": "/images/Buchweizenpfannkuchen.jpg",
    "description": "Buchweizenpfannkuchen für Babys von 0 bis 1 Jahr.",
    "ingredients": ["Buchweizenmehl", "Äpfel", "Zimt"],
    "nutritional_info": {
      "calories": 80,
      "protein": 2.5,
      "carbohydrates": 15,
      "fat": 1.2
    }
  },
  {
    "id": 10,
    "name": "Linsensuppe mit Gemüse",
    "age_group": "0-1 Jahre",
    "image_url": "/images/Linsensuppe.jpg",
    "description": "Eine Linsensuppe mit Gemüse für Babys von 0 bis 1 Jahr.",
    "ingredients": ["Linsen", "Sellerie", "Karotten"],
    "nutritional_info": {
      "calories": 85,
      "protein": 3,
      "carbohydrates": 16,
      "fat": 1.5
    }
  },
  {
    "id": 11,
    "name": "Banane & Avocado Brei",
    "age_group": "0-1 Jahre",
    "image_url": "/images/Banane & Avocado Bre.jpg",
    "description": "Ein köstlicher Brei aus Bananen und Avocado für Babys von 0 bis 1 Jahr.",
    "ingredients": ["Banane", "Avocado", "Haferflocken"],
    "nutritional_info": {
      "calories": 75,
      "protein": 1.5,
      "carbohydrates": 20,
      "fat": 1
    }
  },
  {
    "id": 12,
    "name": "Joghurt mit Beeren",
    "age_group": "0-1 Jahre",
    "image_url": "/images/yogurt.jpg",
    "description": "Fruchtiger Joghurt mit gemischten Beeren für Babys von 0 bis 1 Jahr.",
    "ingredients": ["Naturjoghurt", "Heidelbeeren", "Himbeeren"],
    "nutritional_info": {
      "calories": 80,
      "protein": 2,
      "carbohydrates": 15,
      "fat": 1.5
    }
  },
  {
    "id": 13,
    "name": "Mango-Brokkoli Püree",
    "age_group": "0-1 Jahre",
    "image_url": "/images/Mango-Brokkoli Püree.jpg",
    "description": "Ein mildes Püree aus Mango und Brokkoli für Babys von 0 bis 1 Jahr.",
    "ingredients": ["Mango", "Brokkoli", "Reis"],
    "nutritional_info": {
      "calories": 85,
      "protein": 2.5,
      "carbohydrates": 18,
      "fat": 1.2
    }
  },
  {
    "id": 14,
    "name": "Spinat-Kartoffel Auflauf",
    "age_group": "0-1 Jahre",
    "image_url": "/images/Spinat-Kartoffel Auflauf.jpg",
    "description": "Ein gesunder Auflauf aus Spinat und Kartoffeln für Babys von 0 bis 1 Jahr.",
    "ingredients": ["Frischer Spinat", "Kartoffeln", "Käse"],
    "nutritional_info": {
      "calories": 90,
      "protein": 3,
      "carbohydrates": 16,
      "fat": 2
    }
  },
  {
    "id": 15,
    "name": "Erdbeer-Haferflocken Riegel",
    "age_group": "0-1 Jahre",
    "image_url": "/images/Erdbeer-Haferflocken Riegel.jpg",
    "description": "Gesunde Haferflocken Riegel mit frischen Erdbeeren für Babys von 0 bis 1 Jahr.",
    "ingredients": ["Haferflocken", "Erdbeeren", "Honig"],
    "nutritional_info": {
      "calories": 85,
      "protein": 2,
      "carbohydrates": 18,
      "fat": 1.5
    }
  },
  {
    "id": 16,
    "name": "Kürbis-Süßkartoffel Mash",
    "age_group": "0-1 Jahre",
    "image_url": "/images/Kürbis-Süßkartoffel Mash.jpg",
    "description": "Ein cremiges Mash aus Kürbis und Süßkartoffeln für Babys von 0 bis 1 Jahr.",
    "ingredients": ["Kürbis", "Süßkartoffeln", "Butter"],
    "nutritional_info": {
      "calories": 80,
      "protein": 1.5,
      "carbohydrates": 20,
      "fat": 1.2
    }
  },
  {
    "id": 17,
    "name": "Griechischer Joghurt mit Pfirsich",
    "age_group": "0-1 Jahre",
    "image_url": "/images/Pfirsich.jpg",
    "description": "Griechischer Joghurt mit frischen Pfirsichen für Babys von 0 bis 1 Jahr.",
    "ingredients": ["Griechischer Joghurt", "Pfirsiche", "Honig"],
    "nutritional_info": {
      "calories": 85,
      "protein": 2,
      "carbohydrates": 16,
      "fat": 1.5
    }
  },
  {
    "id": 18,
    "name": "Tomaten-Pasta Fingerfood",
    "age_group": "0-1 Jahre",
    "image_url": "/images/Tomaten-Pasta Fingerfood.jpg",
    "description": "Leckeres Fingerfood aus Tomaten und Pasta für Babys von 0 bis 1 Jahr.",
    "ingredients": ["Vollkorn-Pasta", "Tomaten", "Parmesan"],
    "nutritional_info": {
      "calories": 90,
      "protein": 3,
      "carbohydrates": 15,
      "fat": 2.2
    }
  },
  {
    "id": 19,
    "name": "Blaubeer-Haferkekse",
    "age_group": "0-1 Jahre",
    "image_url": "/images/Blaubeer-Haferkekse.jpg",
    "description": "Zarte Haferkekse mit frischen Blaubeeren für Babys von 0 bis 1 Jahr.",
    "ingredients": ["Haferflocken", "Blaubeeren", "Butter"],
    "nutritional_info": {
      "calories": 80,
      "protein": 2,
      "carbohydrates": 18,
      "fat": 1.5
    }
  },
  {
    "id": 20,
    "name": "Avocado-Himbeer Smoothie",
    "age_group": "0-1 Jahre",
    "image_url": "/images/Avocado-Himbeer Smoothie.jpg",
    "description": "Ein erfrischender Smoothie aus Avocado und Himbeeren für Babys von 0 bis 1 Jahr.",
    "ingredients": ["Avocado", "Himbeeren", "Joghurt"],
    "nutritional_info": {
      "calories": 75,
      "protein": 2,
      "carbohydrates": 16,
      "fat": 1.2
    }
  },
  {
    "id": 21,
    "name": "Süßkartoffel-Karotten Püree",
    "age_group": "0-1 Jahre",
    "image_url": "/images/Süßkartoffel-Karotten Püree.jpg",
    "description": "Ein zartes Püree aus Süßkartoffeln und Karotten für Babys von 0 bis 1 Jahr.",
    "ingredients": ["Süßkartoffeln", "Karotten", "Olivenöl"],
    "nutritional_info": {
      "calories": 85,
      "protein": 1.5,
      "carbohydrates": 20,
      "fat": 1.2
    }
  },
  {
    "id": 22,
    "name": "Bananenpfannkuchen",
    "age_group": "0-1 Jahre",
    "image_url": "/images/Bananenpfannkuchen.jpg",
    "description": "Luftige Pfannkuchen mit Bananen für Babys von 0 bis 1 Jahr.",
    "ingredients": ["Mehl", "Bananen", "Ei"],
    "nutritional_info": {
      "calories": 80,
      "protein": 2,
      "carbohydrates": 15,
      "fat": 1.5
    }
  },
  {
    "id": 23,
    "name": "Brokkoli-Cremesuppe",
    "age_group": "0-1 Jahre",
    "image_url":"/images/Brokkoli-Cremesuppe.jpg",
    "description": "Eine sanfte Cremesuppe aus Brokkoli für Babys von 0 bis 1 Jahr.",
    "ingredients": ["Brokkoli", "Kartoffeln", "Gemüsebrühe"],
    "nutritional_info": {
      "calories": 90,
      "protein": 2.5,
      "carbohydrates": 18,
      "fat": 1.2
    }
  },
  {
    "id": 24,
    "name": "Apfel-Zimt Brei",
    "age_group": "0-1 Jahre",
    "image_url": "/images/Apfel-Zimt Brei.jpg",
    "description": "Ein wohlschmeckender Brei aus Äpfeln und Zimt für Babys von 0 bis 1 Jahr.",
    "ingredients": ["Äpfel", "Haferflocken", "Zimt"],
    "nutritional_info": {
      "calories": 85,
      "protein": 2,
      "carbohydrates": 18,
      "fat": 1.5
    }
  },
  {
    "id": 25,
    "name": "Papaya-Joghurt Becher",
    "age_group": "0-1 Jahre",
    "image_url": "/images/Papaya-Jo.jpg",
    "description": "Ein erfrischender Joghurt-Becher mit frischer Papaya für Babys von 0 bis 1 Jahr.",
    "ingredients": ["Naturjoghurt", "Papaya", "Honig"],
    "nutritional_info": {
      "calories": 80,
      "protein": 2.5,
      "carbohydrates": 15,
      "fat": 1.2
    }
  },
  {
    "id": 26,
    "name": "Karotten-Reis Bällchen",
    "age_group": "0-1 Jahre",
    "image_url": "/images/Karotten-Reis Bällchen.jpg",
    "description": "Kleine Bällchen aus Karotten und Reis für Babys von 0 bis 1 Jahr.",
    "ingredients": ["Karotten", "Reis", "Ei"],
    "nutritional_info": {
      "calories": 85,
      "protein": 2,
      "carbohydrates": 16,
      "fat": 1.5
    }
  },
  {
    "id": 27,
    "name": "Melonenmix Smoothie",
    "age_group": "0-1 Jahre",
    "image_url": "/images/Melonenmix Smoothie.jpg",
    "description": "Ein erfrischender Smoothie mit verschiedenen Melonen für Babys von 0 bis 1 Jahr.",
    "ingredients": ["Wassermelone", "Honigmelone", "Cantaloupe"],
    "nutritional_info": {
      "calories": 75,
      "protein": 1.5,
      "carbohydrates": 20,
      "fat": 1
    }
  },
  {
    "id": 28,
    "name": "Kartoffel-Apfel Brei",
    "age_group": "0-1 Jahre",
    "image_url":" /images/Kartoffel-Apfel Brei.jpg",
    "description": "Ein sanfter Brei aus Kartoffeln und Äpfeln für Babys von 0 bis 1 Jahr.",
    "ingredients": ["Kartoffeln", "Äpfel", "Zimt"],
    "nutritional_info": {
      "calories": 80,
      "protein": 1.5,
      "carbohydrates": 18,
      "fat": 1
    }
  },
  {
    "id": 29,
    "name": "Pflaumen-Haferriegel",
    "age_group": "0-1 Jahre",
    "image_url": "/images/Pflaumen-Haferriegel.jpg",
    "description": "Haferriegel mit getrockneten Pflaumen für Babys von 0 bis 1 Jahr.",
    "ingredients": ["Haferflocken", "Pflaumen", "Honig"],
    "nutritional_info": {
      "calories": 85,
      "protein": 2,
      "carbohydrates": 16,
      "fat": 1.5
    }
  },
  {
    "id": 30,
    "name": "Birnen-Vollkornmuffins",
    "age_group": "0-1 Jahre",
    "image_url": "/images/Birnen-Vollkornmuffins.jpg",
    "description": "Gesunde Vollkornmuffins mit frischen Birnen für Babys von 0 bis 1 Jahr.",
    "ingredients": ["Vollkornmehl", "Birnen", "Joghurt"],
    "nutritional_info": {
      "calories": 80,
      "protein": 2,
      "carbohydrates": 15,
      "fat": 1.5
    }
  },
  {
    "id": 31,
    "name": "Aprikosen-Haferbrei",
    "age_group": "0-1 Jahre",
    "image_url": "/images/Aprikosen-Haferbrei.jpg",
    "description": "Ein süßer Haferbrei mit getrockneten Aprikosen für Babys von 0 bis 1 Jahr.",
    "ingredients": ["Haferflocken", "Aprikosen", "Milch"],
    "nutritional_info": {
      "calories": 85,
      "protein": 2,
      "carbohydrates": 18,
      "fat": 1.5
    }
  },
  {
    "id": 32,
    "name": "Zucchini-Nudeln mit Tomatensauce",
    "age_group": "0-1 Jahre",
    "image_url": "/images/Zucchini-Nudeln mit Tomatensauce.jpg",
    "description": "Gesunde Zucchini-Nudeln mit frischer Tomatensauce für Babys von 0 bis 1 Jahr.",
    "ingredients": ["Zucchini", "Vollkornnudeln", "Tomaten"],
    "nutritional_info": {
      "calories": 90,
      "protein": 3,
      "carbohydrates": 16,
      "fat": 2
    }
  },
  {
    "id": 33,
    "name": "Erdnussbutter-Bananen Brotstücke",
    "age_group": "0-1 Jahre",
    "image_url": "/images/Erdnussbutter-Bananen Brotstücke.jpg",
    "description": "Brotstücke mit Erdnussbutter und Bananenbelag für Babys von 0 bis 1 Jahr.",
    "ingredients": ["Vollkornbrot", "Erdnussbutter", "Bananen"],
    "nutritional_info": {
      "calories": 85,
      "protein": 2.5,
      "carbohydrates": 18,
      "fat": 1.5
    }
  },
  {
    "id": 34,
    "name": "Kartoffel-Karotten Rösti",
    "age_group": "0-1 Jahre",
    "image_url": "/images/Kartoffel-Karotten Rösti.jpg",
    "description": "Knusprige Rösti aus Kartoffeln und Karotten für Babys von 0 bis 1 Jahr.",
    "ingredients": ["Kartoffeln", "Karotten", "Olivenöl"],
    "nutritional_info": {
      "calories": 90,
      "protein": 2,
      "carbohydrates": 15,
      "fat": 2.5
    }
  },
  {
    "id": 35,
    "name": "Mangold-Quinoa Bowl",
    "age_group": "0-1 Jahre",
    "image_url": "/images/Mangold-Quinoa Bowl.jpg",
    "description": "Eine nährstoffreiche Bowl mit Mangold und Quinoa für Babys von 0 bis 1 Jahr.",
    "ingredients": ["Quinoa", "Mangold", "Tomaten"],
    "nutritional_info": {
      "calories": 80,
      "protein": 3,
      "carbohydrates": 16,
      "fat": 1.5
    }
  },
  {
    "id": 36,
    "name": "Heidelbeer-Haferbrei",
    "age_group": "0-1 Jahre",
    "image_url": "/images/Heidelbeer-Haferbrei.jpg",
    "description": "Ein köstlicher Haferbrei mit frischen Heidelbeeren für Babys von 0 bis 1 Jahr.",
    "ingredients": ["Haferflocken", "Heidelbeeren", "Milch"],
    "nutritional_info": {
      "calories": 85,
      "protein": 2,
      "carbohydrates": 18,
      "fat": 1.2
    }
  },
  {
    "id": 37,
    "name": "Petersilien-Kartoffelstampf",
    "age_group": "0-1 Jahre",
    "image_url": "/images/Petersilien-Kartoffelstampf.jpg",
    "description": "Ein geschmackvoller Kartoffelstampf mit frischer Petersilie für Babys von 0 bis 1 Jahr.",
    "ingredients": ["Kartoffeln", "Petersilie", "Butter"],
    "nutritional_info": {
      "calories": 80,
      "protein": 1.5,
      "carbohydrates": 18,
      "fat": 1
    }
  },
  {
    "id": 38,
    "name": "Kokosmilch-Haferriegel",
    "age_group": "0-1 Jahre",
    "image_url": "/images/Kokosmilch-Haferriegel.jpg",
    "description": "Haferriegel mit Kokosmilch für Babys von 0 bis 1 Jahr.",
    "ingredients": ["Haferflocken", "Kokosmilch", "Honig"],
    "nutritional_info": {
      "calories": 85,
      "protein": 2,
      "carbohydrates": 16,
      "fat": 1.5
    }
  },
  {
    "id": 39,
    "name": "Quark mit Himbeerpüree",
    "age_group": "0-1 Jahre",
    "image_url": "/images/Quark mit Himbeerpüree.jpg",
    "description": "Quark mit frischem Himbeerpüree für Babys von 0 bis 1 Jahr.",
    "ingredients": ["Quark", "Himbeeren", "Honig"],
    "nutritional_info": {
      "calories": 80,
      "protein": 2.5,
      "carbohydrates": 15,
      "fat": 1
    }
  },
  {
    "id": 40,
    "name": "Spargel-Kartoffelpüree",
    "age_group": "0-1 Jahre",
    "image_url": "/images/Spargel-Kartoffelpüree.jpg",
    "description": "Zartes Kartoffelpüree mit Spargel für Babys von 0 bis 1 Jahr.",
    "ingredients": ["Kartoffeln", "Spargel", "Milch"],
    "nutritional_info": {
      "calories": 85,
      "protein": 2.5,
      "carbohydrates": 15,
      "fat": 1
    }
  },
      {
        "id": 41,
        "name": "Blaubeer-Bananen Pancakes",
        "age_group": "0-1 Jahre",
        "image_url": "/images/Blaubeer-Bananen Pancakes.jpg",
        "description": "Luftige Pancakes mit Blaubeeren und Bananen für Babys von 0 bis 1 Jahr.",
        "ingredients": ["Mehl", "Blaubeeren", "Bananen"],
        "nutritional_info": {
          "calories": 80,
          "protein": 2,
          "carbohydrates": 15,
          "fat": 1.5
        }
      },
      {
        "id": 42,
        "name": "Gurken-Dill Fingerfood",
        "age_group": "0-1 Jahre",
        "image_url": "/images/Gurken-Dill Fingerfood.jpg",
        "description": "Erfrischendes Fingerfood mit Gurken und Dill für Babys von 0 bis 1 Jahr.",
        "ingredients": ["Gurken", "Frühlingszwiebeln", "Dill"],
        "nutritional_info": {
          "calories": 75,
          "protein": 1.5,
          "carbohydrates": 18,
          "fat": 1
        }
      },
      {
        "id": 43,
        "name": "Pfirsich-Hafermuffins",
        "age_group": "0-1 Jahre",
        "image_url": "/images/Pfirsich-Hafermuffins.jpg",
        "description": "Saftige Hafermuffins mit frischen Pfirsichen für Babys von 0 bis 1 Jahr.",
        "ingredients": ["Haferflocken", "Pfirsiche", "Joghurt"],
        "nutritional_info": {
          "calories": 80,
          "protein": 2,
          "carbohydrates": 15,
          "fat": 1.5
        }
      },
      {
        "id": 44,
        "name": "Rote-Bete-Quark Dip",
        "age_group": "0-1 Jahre",
        "image_url": "/images/Rote-Bete-Quark Dip.jpg",
        "description": "Ein cremiger Quark-Dip mit frischer Rote Bete für Babys von 0 bis 1 Jahr.",
        "ingredients": ["Quark", "Rote Bete", "Knoblauch"],
        "nutritional_info": {
          "calories": 70,
          "protein": 2.5,
          "carbohydrates": 16,
          "fat": 1
        }
      },
      {
        "id": 45,
        "name": "Rote-Bete-Quark Dipi",
        "age_group": "0-1 Jahre",
        "image_url": "/images/Rote-Bete-Quark Dipi.jpg",
        "description": "Ein samtiger Brei aus Butternut-Kürbis für Babys von 0 bis 1 Jahr.",
        "ingredients": ["Butternut-Kürbis", "Reis", "Milch"],
        "nutritional_info": {
          "calories": 85,
          "protein": 2,
          "carbohydrates": 18,
          "fat": 1.2
        }
      },
      {
        "id": 46,
        "name": "Paprika-Hummus Snack",
        "age_group": "0-1 Jahre",
        "image_url": "/images/Paprika-Hummus Snack.jpg",
        "description": "Ein würziger Hummus-Snack mit Paprika für Babys von 0 bis 1 Jahr.",
        "ingredients": ["Kichererbsen", "Paprika", "Olivenöl"],
        "nutritional_info": {
          "calories": 80,
          "protein": 2,
          "carbohydrates": 15,
          "fat": 1.5
        }
      },
      {
        "id": 47,
        "name": "Buchweizen-Pfirsich Brei",
        "age_group": "0-1 Jahre",
        "image_url": "/images/Buchweizen-Pfirsich Brei.jpg",
        "description": "Ein nahrhafter Brei aus Buchweizen und Pfirsichen für Babys von 0 bis 1 Jahr.",
        "ingredients": ["Buchweizenmehl", "Pfirsiche", "Mandelmilch"],
        "nutritional_info": {
          "calories": 85,
          "protein": 2.5,
          "carbohydrates": 18,
          "fat": 1.2
        }
      },
      {
        "id": 48,
        "name": "Blumenkohl-Kartoffel Püree",
        "age_group": "0-1 Jahre",
        "image_url": "/images/Blumenkohl-Kartoffel Püree.jpg",
        "description": "Ein zartes Püree aus Blumenkohl und Kartoffeln für Babys von 0 bis 1 Jahr.",
        "ingredients": ["Blumenkohl", "Kartoffeln", "Butter"],
        "nutritional_info": {
          "calories": 80,
          "protein": 1.5,
          "carbohydrates": 18,
          "fat": 1
        }
      },
      {
        "id": 49,
        "name": "Haferflocken-Birnen Riegel",
        "age_group": "0-1 Jahre",
        "image_url": "/images/Haferflocken-Birnen Riegel.jpg",
        "description": "Gesunde Haferflocken Riegel mit frischen Birnen für Babys von 0 bis 1 Jahr.",
        "ingredients": ["Haferflocken", "Birnen", "Honig"],
        "nutritional_info": {
          "calories": 80,
          "protein": 2,
          "carbohydrates": 18,
          "fat": 1.5
        }
      },
      {
        "id": 50,
        "name": "Möhren-Ingwer Suppe",
        "age_group": "0-1 Jahre",
        "image_url": "/images/Möhren-Ingwer Suppe.jpg",
        "description": "Eine wärmende Suppe aus Möhren und Ingwer für Babys von 0 bis 1 Jahr.",
        "ingredients": ["Möhren", "Ingwer", "Gemüsebrühe"],
        "nutritional_info": {
          "calories": 90,
          "protein": 2.5,
          "carbohydrates": 16,
          "fat": 1.2
        }}
      ]}
    